{"00:00 - 01:00": "Sleep", "01:00 - 02:00": "Sleep", "02:00 - 03:00": "Sleep", "03:00 - 04:00": "Sleep", "04:00 - 05:00": "Sleep", "05:00 - 06:00": "Sleep", "06:00 - 07:00": "Meditate and think of your inspiration.", "07:00 - 08:00": "'Read the entire chapter back and forth again and again'", "08:00 - 09:00": "Commit Elsewhere", "09:00 - 10:00": "Meal", "10:00 - 11:00": "- Brainstorm book ideas and select a theme/genre.", "11:00 - 12:00": "- Conduct initial research and gather necessary resources.", "12:00 - 13:00": "Commit Elsewhere", "13:00 - 14:00": "Meal", "14:00 - 15:00": "Commit Elsewhere", "15:00 - 16:00": "- Write the first draft, focusing on content flow.", "16:00 - 17:00": "- Review and edit the first draft for consistency and clarity.", "17:00 - 18:00": "Commit Elsewhere", "18:00 - 19:00": "Commit Elsewhere", "19:00 - 20:00": "- Get feedback from beta readers or a writing group.", "20:00 - 21:00": "- Develop a detailed outline, including chapter summaries.", "21:00 - 22:00": "Commit Elsewhere", "22:00 - 23:00": "Meal", "23:00 - 24:00": "Read the entire chapter back and forth again and again."}